Afghanistan,1/1
Afghanistan Mobile,1/1
Afghanistan Mobile AWCC,60/1
Afghanistan Mobile Etisalat,1/1
Afghanistan Mobile MTN,1/1
Afghanistan Mobile Roshan,1/1
Albania,1/1
Albania ALBTEL,1/1
Albania Interactive TV,1/1
Albania Mobile,1/1
Albania Mobile AMC,1/1
Albania Mobile Vodafone,1/1
Albania Tirana,1/1
Algeria,1/1
Algeria Mobile,60/1
Algeria Mobile Ooredoo,60/1
Algeria Mobile Orascom,1/1
Algeria Mobile Satellite,1/1
American Samoa,60/60
Andorra,1/1
Andorra Mobile,1/1
Angola,1/1
Angola Mobile,1/1
Angola Mobile Unitel,1/1
Anguilla,60/60
Antarctica,1/1
Antigua and Barbuda,1/1
Argentina,1/1
Argentina Buenos Aires,1/1
Argentina Cities A,1/1
Argentina Cities B,1/1
Argentina Mobile,1/1
Armenia,1/1
Armenia Mobile,1/1
Armenia Mobile Armentel,1/1
Armenia Mobile Nagorno Karakakh,1/1
Armenia Mobile Orange,1/1
Armenia Mobile Vivacell,1/1
Armenia Nagorno Karakakh,1/1
Armenia Yerevan,1/1
Aruba,1/1
Aruba Mobile,1/1
Aruba Mobile Digicel,1/1
Ascension Island,1/1
Australia,1/1
Australia Mobile,1/1
Australia Mobile Optus,1/1
Australia Mobile Telstra,1/1
Australia Mobile Vodafone,1/1
Australia Satellite Optus,1/1
Australia Satellite Telstra,1/1
Australia Special Services,1/1
Austria,1/1
Austria Mobile,1/1
Austria Mobile H3G,1/1
Austria Mobile Mobilkom,1/1
Austria Mobile TMobile,1/1
Austria Special Services,1/1
Austria Vienna,1/1
Azerbaijan,60/60
Azerbaijan Mobile,60/60
Azerbaijan Mobile Azercell,60/1
Azerbaijan Mobile Azerfon,60/60
Azerbaijan Mobile Bakcell,60/60
Bahamas,1/1
Bahamas Mobile,1/1
Bahrain,1/1
Bahrain Mobile,1/1
Bahrain Mobile VIVA,1/1
Bahrain Mobile Vodafone,1/1
Bangladesh,1/1
Bangladesh Mobile,1/1
Bangladesh Mobile Banglalink,1/1
Bangladesh Mobile Grameenphone,1/1
Bangladesh Mobile Robi,1/1
Barbados,1/1
Barbados Mobile,1/1
Belarus,1/1
Belarus Mobile,1/1
Belarus Mobile MDC,1/1
Belarus Mobility Services,1/1
Belarus Special Services,1/1
Belgium,1/1
Belgium Mobile,1/1
Belgium Mobile Base,1/1
Belgium Mobile Orange,1/1
Belgium Mobile Proximus,1/1
Belgium Universal Access No,1/1
Belize,1/1
Benin,1/1
Benin Mobile MTN,1/1
Benin Mobile Moov,1/1
Benin Mobile SBIN,1/1
Bermuda,1/1
Bhutan,1/1
Bhutan Mobile,1/1
Bolivia,1/1
Bolivia La Paz,1/1
Bolivia Mobile,1/1
Bolivia Mobile Entel,1/1
Bolivia Mobile Enuevatel,1/1
Bolivia Mobile Telecel,1/1
Bosnia & Herzegovina,1/1
Bosnia & Herzegovina Mobile BIH,1/1
Bosnia & Herzegovina Mobile Eronet,1/1
Bosnia & Herzegovina Mobile SRPSKE,1/1
Botswana,1/1
Botswana Mobile,1/1
Botswana Mobile MTN,1/1
Botswana Mobile Orange,1/1
Brazil,30/6
Brazil Belo Horizonte,30/6
Brazil Brasilia,30/6
Brazil Campinas,30/6
Brazil Curitiba,30/6
Brazil Florianapolis,30/6
Brazil Goiania,30/6
Brazil Governador Valadares,30/6
Brazil Mobile,30/6
Brazil Mobile TIM,30/6
Brazil Porto Alegre,30/6
Brazil Rio De Janeiro,30/6
Brazil Sao Paulo,30/6
British Virgin Islands,1/1
Brunei,60/1
Brunei Mobile,60/1
Bulgaria,1/1
Bulgaria Alternative Networks,1/1
Bulgaria Mobile Globul,1/1
Bulgaria Mobile Mobiltel,1/1
Bulgaria Mobile Vivatel,1/1
Bulgaria Sofia,1/1
Burkina Faso,1/1
Burkina Faso Mobile,1/1
Burkina Faso Mobile Orange,1/1
Burkina Faso Mobile Telecel,1/1
Burundi,1/1
Burundi Mobile,1/1
Burundi Mobile Onatel,1/1
Burundi Mobile Ucom,1/1
Cambodia,60/1
Cambodia Metfone,60/1
Cambodia Mobile,60/1
Cambodia Mobile Cellcard,60/1
Cambodia Mobile Metfone,60/1
Cambodia Mobile Smart,60/1
Cameroon,1/1
Cameroon Mobile,1/1
Cameroon Mobile MTN,1/1
Cameroon Mobile Nexttel,1/1
Cameroon Mobile Orange,1/1
Cameroon Special Service,1/1
Canada,1/1
Canada Independents Ontario,1/1
Canada Independents Prince Rupert,1/1
Canada Independents Quebec,1/1
Canada Independents Quebec Other,1/1
Canada Northwest Territories,1/1
Canada Northwest Territories Nunavut Yukon,1/1
Cape Verde,1/1
Cape Verde Mobile,1/1
Cayman Islands,1/1
Central African Rep Mobile,1/1
Central African Rep Mobile Orange,1/1
Central African Republic,1/1
Chad,1/1
Chad Mobile,1/1
Chad Mobile Airtel,1/1
Chad Mobile Millicom,1/1
Chile,1/1
Chile Easter Island,1/1
Chile Mobile,1/1
Chile Rural,1/1
Chile Santiago,1/1
Chile Special Services,1/1
China CM Off-net,1/1
China Mobile CM On-net,1/1
China Mobile Unicom,1/1
Colombia,1/1
Colombia Mobile,1/1
Colombia Mobile Comcel,1/1
Colombia Mobile Movistar,1/1
Colombia Mobile Tigo,1/1
Comoros,60/60
Comoros Mobile,60/60
Congo Rep,1/1
Congo Rep Mobile,1/1
Congo Rep Mobile Celtel,1/1
Congo Rep Mobile MTN,1/1
Congo Rep Mobile Warid,1/1
Cook Islands,60/60
Costa Rica,1/1
Costa Rica Mobile,1/1
Croatia,1/1
Croatia Mobile Tele2,1/1
Croatia Mobile Tmobile,1/1
Croatia Mobile Vipnet,1/1
Cuba,1/1
Cuba Guantanamo Bay,1/1
Cyprus,1/1
Cyprus Mobile,1/1
Cyprus Mobile MTN,1/1
Cyprus Mobile Vodafone,1/1
Cyprus VAS,1/1
Czech Rep Mobile TMobile,1/1
Czech Rep Mobile Telefonica O2,1/1
Czech Rep Mobile Travel,1/1
Czech Rep Mobile Vodafone,1/1
Czech Republic,1/1
Czech Republic Mobile,1/1
Czech Republic Special Services,1/1
DR of Congo,1/1
DR of Congo Mobile,1/1
DR of Congo Mobile Celtel,1/1
DR of Congo Mobile Orange,1/1
DR of Congo Mobile Vodacom,1/1
DR of Congo Special Services,1/1
Denmark,1/1
Denmark Mobile,1/1
Denmark Mobile HI3G,1/1
Denmark Mobile TDC,1/1
Denmark Mobile Telenor,1/1
Denmark Mobile Telia,1/1
Diego Garcia,60/60
Djibouti,1/1
Djibouti Mobile,1/1
Dominica,1/1
Dominica Mobile,1/1
Dominica Mobile Digicel,1/1
Dominican Republic,1/1
Dominican Republic Mobile,1/1
Dominican Republic Mobile Orange,1/1
East Timor,1/1
Ecuador,1/1
Ecuador Mobile,1/1
Ecuador Mobile Movistar,1/1
Ecuador Mobile Porta,1/1
Egypt,1/1
Egypt Mobile Etisalat,1/1
Egypt Mobile Orange,1/1
Egypt Mobile TEM,1/1
Egypt Mobile Vodafone,1/1
El Salvador,1/1
El Salvador Mobile,1/1
El Salvador Mobile Claro,1/1
El Salvador Mobile Digicel,1/1
El Salvador Mobile Intelfon,1/1
El Salvador Mobile Movistar,1/1
El Salvador Mobile Tigo,1/1
Emsat,60/60
Equatorial Guinea,1/1
Equatorial Guinea Mobile Greencom,1/1
Eritrea,1/1
Eritrea Mobile,1/1
Estonia,1/1
Estonia Mobile,1/1
Estonia Mobile EMT,1/1
Estonia Mobile Elisa,1/1
Estonia Mobile Tele2,1/1
Estonia Special Services,1/1
Ethiopia,60/1
Ethiopia Addis Ababa,60/1
Ethiopia Mobile,60/1
Ethiopia Mobile Addis Ababa,60/1
Ethiopia Mobile Safaricom,60/1
Falkland Islands,1/1
Faroe Islands,1/1
Faroe Islands Mobile,1/1
Fiji,60/60
Fiji Mobile,60/60
Finland,1/1
Finland Helsinki,1/1
Finland Mobile,1/1
Finland Mobile Elisa,1/1
Finland Mobile Sonera,1/1
Finland Services Numbers,1/1
Finland VAS,1/1
France,1/1
France Mobile,1/1
France Mobile Bouygues,1/1
France Mobile Globalstar,1/1
France Mobile Orange,1/1
France Mobile SFR,1/1
France Non Geographic,1/1
France Paris,1/1
France VAS,1/1
French Guiana,1/1
French Guiana Mobile,1/1
French Guiana Mobile Digicel,1/1
French Guiana Mobile Orange,1/1
French Guiana Mobile Outremer,1/1
French Polynesia,60/60
French Polynesia Mobile,60/60
Gabon,1/1
Gabon Mobile Airtel,1/1
Gabon Mobile Azur,1/1
Gabon Mobile Libertis,1/1
Gabon Mobile Moov,1/1
Gambia,60/1
Gambia Mobile,60/1
Georgia,1/1
Georgia Mobile,1/1
Georgia Mobile Geocell,1/1
Georgia Mobile Magtikom,1/1
Germany,1/1
Germany IP Phone,1/1
Germany Mobile,1/1
Germany Mobile O2,1/1
Germany Mobile TMobile,1/1
Germany Mobile VAS,1/1
Germany Mobile Vodafone,1/1
Germany Special Services,1/1
Ghana,1/1
Ghana Mobile,1/1
Ghana Mobile Airtel,1/1
Ghana Mobile GLO,1/1
Ghana Mobile MTN,1/1
Ghana Mobile Tigo,1/1
Ghana Mobile Vodafone,1/1
Gibraltar,1/1
Gibraltar Mobile,1/1
Greece,1/1
Greece Athens,1/1
Greece Mobile Cosmote,1/1
Greece Mobile Cyta,1/1
Greece Mobile Vodafone,1/1
Greece Mobile Wind,1/1
Greece Special Services,1/1
Greenland,1/1
Greenland Mobile,1/1
Grenada,1/1
Grenada Mobile,1/1
Grenada Mobile Digicel,1/1
Guadeloupe,1/1
Guadeloupe Mobile,1/1
Guadeloupe Mobile Dauphin Tel,1/1
Guadeloupe Mobile Digicel,1/1
Guadeloupe Mobile Orange,1/1
Guadeloupe Mobile Outremer Tel,1/1
Guam,1/1
Guatemala,1/1
Guatemala Mobile,1/1
Guatemala Mobile Claro,1/1
Guatemala Mobile Movistar,1/1
Guatemala Mobile Tigo,1/1
Guatemala Telgua,1/1
Guinea,1/1
Guinea Bissau,1/1
Guinea Bissau Mobile Guinetel,1/1
Guinea Bissau Mobile MTN,1/1
Guinea Bissau Mobile Orange,1/1
Guinea Mobile,1/1
Guinea Mobile Celcom,1/1
Guinea Mobile Intercel,1/1
Guinea Mobile MTN,1/1
Guinea Mobile Mai,1/1
Guinea Mobile Orange,1/1
Guyana,1/1
Guyana Mobile,1/1
Guyana Mobile Digicel,1/1
Haiti,60/60
Haiti Mobile,60/60
Haiti Mobile Digicel,60/60
Haiti Mobile Haitel,60/60
Honduras,1/1
Honduras Mobile,1/1
Honduras Mobile Claro,1/1
Honduras Mobile Hondutel,1/1
Honduras Mobile Tigo,1/1
Hong Kong,1/1
Hong Kong Mobile,1/1
Hungary,1/1
Hungary Budapest,1/1
Hungary Mobile,1/1
Hungary Mobile Pannon,1/1
Hungary Mobile TMobile,1/1
Hungary Mobile Vodafone,1/1
Iceland,1/1
Iceland Mobile,1/1
Iceland Mobile SIMM,1/1
Iceland Mobile Vodafone,1/1
India,60/60
India Mobile,60/60
India Mobile BSNL,60/60
Indonesia,60/1
Indonesia Jakarta,60/1
Indonesia Mobile,60/1
Indonesia Mobile Excelcom,60/1
Indonesia Mobile Indosat,60/1
Indonesia Mobile Satellite,60/1
Indonesia Mobile Telkomsel,60/1
Indonesia Surabaya,60/1
Inmarsat,60/60
Inmarsat Aero,60/60
Inmarsat B,60/60
Inmarsat B HSD,60/60
Inmarsat BGAN,60/60
Inmarsat BGAN HSD,60/60
Inmarsat M,60/60
Inmarsat M4,60/60
Inmarsat Mini-M,60/60
Int'l Networks - 1 Emnify,60/60
Int'l Networks - 1 Wins Aero,60/60
Int'l Networks - 808,1/1
Int'l Networks - 881,60/60
Int'l Networks - 882,60/60
Int'l Networks - 883,60/60
Int'l Networks - AeroMobile,60/60
Int'l Networks - CTC Tian Tong,60/60
Int'l Networks - DTAG,60/60
Int'l Networks - ELLIPSAT,60/60
Int'l Networks - Ellipso,60/60
Int'l Networks - Global Mobile Satellite System Ellipso,60/60
Int'l Networks - Global Networks,60/60
Int'l Networks - Globalstar,60/60
Int'l Networks - Globalstar TYPE B,60/60
Int'l Networks - Globalstar TYPE C,60/60
Int'l Networks - Inphon,60/60
Int'l Networks - Intermatica,60/60
Int'l Networks - MCP,60/60
Int'l Networks - MTT,60/60
Int'l Networks - MTX Connect,60/60
Int'l Networks - Mobistar,60/60
Int'l Networks - Navita,60/60
Int'l Networks - Onair,60/60
Int'l Networks - Oration TPG,60/60
Int'l Networks - Oration Technologies,60/60
Int'l Networks - SEANET,60/60
Int'l Networks - Special Services DTAG,60/60
Int'l Networks - Special Services GLONET,60/60
Int'l Networks - TPG,60/60
Int'l Networks - Telecom26,60/60
Int'l Networks - Telenor,60/60
Int'l Networks - VODAFO,60/60
Int'l Networks - VOXBON,60/60
Iran,1/1
Iran Mobile,1/1
Iran Mobile MCI,1/1
Iran Mobile MTN,1/1
Iran Teheran,1/1
Iraq,1/1
Iraq Baghdad,1/1
Iraq Mobile,1/1
Iraq Mobile Asiacell,1/1
Iraq Mobile Korek,1/1
Iraq Mobile Zain,1/1
Ireland,1/1
Ireland Mobile,1/1
Ireland Mobile H3G,1/1
Ireland Mobile Meteor,1/1
Ireland Mobile O2,1/1
Ireland Mobile Vodafone,1/1
Ireland Special Services,1/1
Iridium,60/60
Israel,1/1
Israel Mobile,1/1
Israel Palestine,1/1
Israel Palestine Mobile,1/1
Italy,1/1
Italy Mobile,1/1
Italy Mobile H3G,1/1
Italy Mobile Postemobile,1/1
Italy Mobile TIM,1/1
Italy Mobile Vodafone,1/1
Italy Mobile Wind,1/1
Ivory Coast,1/1
Ivory Coast Mobile,1/1
Ivory Coast Mobile MTN,1/1
Ivory Coast Mobile Moov,1/1
Ivory Coast Mobile Orange,1/1
Ivory Coast Mobile Oricel,1/1
Ivory Coast Special Services,1/1
Jamaica,1/1
Jamaica Mobile,1/1
Jamaica Mobile Centennial,1/1
Jamaica Mobile Digicel,1/1
Japan,1/1
Japan IP Phone,1/1
Japan Mobile,1/1
Jordan,1/1
Jordan Mobile,1/1
Jordan Mobile Fastlink,1/1
Jordan Mobile Mobilecom,1/1
Jordan Mobile Umniah,1/1
Kazakhstan,1/1
Kazakhstan Mobile Altel,1/1
Kazakhstan Mobile K-Cell,1/1
Kazakhstan Mobile KarTel,1/1
Kazakhstan Mobile Neo,1/1
Kazakhstan OLO,1/1
Kazakhstan Special Services,1/1
Kenya,1/1
Kenya Mobile,1/1
Kenya Mobile Airtel,1/1
Kenya Mobile Safaricom,1/1
Kenya Mobile Telkom,1/1
Kenya Nairobi,1/1
Kiribati,60/60
Kiribati Mobile Oceanlink,60/60
Kosovo,1/1
Kosovo Mobile,1/1
Kosovo Mobile Ipko,1/1
Kuwait,1/1
Kuwait Mobile,1/1
Kuwait Mobile Zain,1/1
Kyrgyzstan,1/1
Kyrgyzstan Bishkek,1/1
Kyrgyzstan Mobile,1/1
Kyrgyzstan Mobile Bimokom,1/1
Kyrgyzstan Mobile Nurtelecom,1/1
Kyrgyzstan Mobile Sky,1/1
Laos,1/1
Laos Mobile,1/1
Latvia,1/1
Latvia Mobile,1/1
Latvia Mobile Baltija,1/1
Latvia Mobile Bite,1/1
Latvia Mobile LMT,1/1
Latvia Mobile Tele2,1/1
Latvia Riga,1/1
Latvia Special Services,1/1
Lebanon,1/1
Lebanon Mobile,1/1
Lesotho,60/60
Lesotho Mobile,60/60
Liberia,1/1
Liberia Mobile,1/1
Liberia Mobile Cellcom,1/1
Liberia Mobile MTN,1/1
Libya,1/1
Libya Mobile,1/1
Libya Mobile Alhura,1/1
Liechtenstein,1/1
Liechtenstein Mobile,1/1
Liechtenstein Special Services,1/1
Lithuania,1/1
Lithuania Mobile,1/1
Lithuania Mobile Bite,1/1
Lithuania Mobile Omnitel,1/1
Lithuania Mobile Tele2,1/1
Lithuania Special Services,1/1
Luxembourg,1/1
Luxembourg Mobile,1/1
Luxembourg Mobile Orange,1/1
Luxembourg Mobile Tango,1/1
Luxembourg Special Service,1/1
Macau,1/1
Macau Mobile,1/1
Macedonia,1/1
Macedonia Mobile,1/1
Macedonia Special Services,1/1
Madagascar,1/1
Madagascar Mobile,1/1
Madagascar Mobile Airtel,1/1
Madagascar Mobile Orange,1/1
Madagascar Special Services,1/1
Malawi,1/1
Malawi Mobile Airtel,1/1
Malawi Mobile TNM,1/1
Malaysia,60/1
Malaysia Mobile,60/1
Malaysia Mobile Celcom,60/1
Malaysia Mobile Digi,60/1
Malaysia Mobile Maxis,60/1
Maldives,60/60
Maldives Mobile Dhiraagu,60/60
Maldives Mobile Ooredoo,60/60
Mali,60/60
Mali Mobile,60/60
Mali Mobile ATEL,60/60
Mali Mobile Orange,60/60
Malta,1/1
Malta Mobile,1/1
Malta Mobile Go Mobile,1/1
Malta Mobile Vodafone,1/1
Marshall Islands,1/1
Martinique,1/1
Martinique Mobile,1/1
Martinique Mobile Digicel,1/1
Martinique Mobile Orange,1/1
Mauritania,60/60
Mauritius,1/1
Mauritius Mobile MTML,1/1
Mayotte,1/1
Mayotte Mobile,1/1
Mexico,60/60
Micronesia,60/60
Moldova,1/1
Moldova Mobile,1/1
Moldova Mobile Moldcell,1/1
Moldova Mobile Orange,1/1
Moldova Special Services,1/1
Monaco,1/1
Monaco Mobile,1/1
Monaco Mobile Kosovo,1/1
Mongolia,1/1
Mongolia Mobile,1/1
Montenegro,1/1
Montenegro Mobile,1/1
Montenegro Mobile MTEL,1/1
Montenegro Mobile Promonte,1/1
Montserrat,1/1
Morocco,1/1
Morocco Casablanca,1/1
Morocco Fixed Orange,1/1
Morocco Fixed Wana,1/1
Morocco Mobile,1/1
Morocco Mobile IAM,1/1
Morocco Mobile Orange,1/1
Morocco Mobile Wana,1/1
Morocco Mobile Wana (Restricted),1/1
Mozambique,1/1
Mozambique Mobile,1/1
Mozambique Mobile Movitel,1/1
Mozambique Mobile Vodacom,1/1
Myanmar,60/60
Myanmar Mobile,60/60
Myanmar Mobile Mytel,60/60
Myanmar Mobile Ooredoo,60/60
Myanmar Mobile Telenor,60/60
Myanmar Mytel,60/60
Namibia,1/1
Namibia Mobile,1/1
Namibia Mobile MTC,1/1
Nauru,60/60
Nepal,60/60
Nepal Mobile,60/60
Nepal Mobile NTC,60/60
Nepal Mobile Spice,60/60
Netherlands,1/1
Netherlands Antilles,1/1
Netherlands Antilles Mobile,1/1
Netherlands Mobile,1/1
Netherlands Mobile KPN,1/1
Netherlands Mobile TMobile,1/1
Netherlands Mobile Tele 2,1/1
Netherlands Mobile Telfort,1/1
Netherlands Mobile Vodafone,1/1
Netherlands Special Services,1/1
New Caledonia,60/60
New Zealand,60/1
New Zealand Mobile,1/1
New Zealand Scott Base,60/1
Nicaragua,1/1
Nicaragua Mobile,1/1
Nicaragua Mobile Telefonica,1/1
Niger,1/1
Niger Mobile Airtel,1/1
Niger Mobile Moov,1/1
Niger Mobile Orange,1/1
Niger Mobile Sahelcom,1/1
Niger Special Services,1/1
Nigeria,1/1
Nigeria Mobile,1/1
Nigeria Mobile Airtel,1/1
Nigeria Mobile Etisalat,1/1
Nigeria Mobile Globacom,1/1
Nigeria Mobile MTEL,1/1
Nigeria Mobile MTN,1/1
Niue,60/60
Norfolk Island,60/60
North Korea,1/1
Norway,1/1
Norway Mobile,1/1
Norway Mobile Netcom,1/1
Norway Mobile Telenor,1/1
Norway Special Services,1/1
Oman,1/1
Oman Mobile,1/1
Oman Mobile Nawras,1/1
Pakistan,1/1
Pakistan Mobile,1/1
Pakistan Mobile Jazz,1/1
Pakistan Mobile Telenor,1/1
Pakistan Mobile Ufone,1/1
Pakistan Mobile Zong,1/1
Palau,60/60
Palestine,1/1
Palestine Mobile,1/1
Panama,1/1
Panama Mobile,1/1
Papua New Guinea,60/60
Paraguay,1/1
Paraguay Mobile,1/1
Paraguay Mobile Telcel,1/1
Peru,1/1
Peru Lima,1/1
Peru Mobile,1/1
Peru Mobile Claro,1/1
Peru Mobile Entel,1/1
Peru Mobile Movistar,1/1
Peru Rural,1/1
Philippines,60/1
Philippines Manila,60/1
Philippines Mobile,60/1
Philippines Mobile DITO,60/1
Philippines Mobile Globe,60/1
Philippines Mobile Smart,60/1
Poland,1/1
Poland Mobile,1/1
Poland Mobile Centernet,1/1
Poland Mobile Era,1/1
Poland Mobile Orange,1/1
Poland Mobile P4,1/1
Poland Mobile Plus,1/1
Poland Special Services,1/1
Poland Warsaw,1/1
Portugal,1/1
Portugal Azores,1/1
Portugal Lisbon,1/1
Portugal Madeira,1/1
Portugal Mobile,1/1
Portugal Mobile MEO,1/1
Portugal Mobile NOS,1/1
Portugal Mobile Vodafone,1/1
Puerto Rico,1/1
Qatar,60/60
Qatar Mobile Ooredoo,60/60
Qatar Mobile Vodafone,60/60
Reunion,1/1
Reunion Mobile,1/1
Romania,1/1
Romania Bucharest,1/1
Romania Mobile,1/1
Romania Mobile Cosmote,1/1
Romania Mobile Orange,1/1
Romania Mobile Telemobil,1/1
Romania Mobile Vodafone,1/1
Romania Special Services,1/1
Russia,1/1
Russia Abkhazia,1/1
Russia Fixed 1,1/1
Russia Fixed 2,1/1
Russia Fixed 3,1/1
Russia Fixed 4,1/1
Russia Mobile,1/1
Russia Mobile Abkhazia,1/1
Russia Mobile Abkhazia A-Mobile,1/1
Russia Mobile Abkhazia Aquafon,1/1
Russia Mobile Beeline,1/1
Russia Mobile MTS,1/1
Russia Mobile Megafon,1/1
Russia Moscow,1/1
Russia Satellite,1/1
Russia Satellite Eco,1/1
Russia South Ossetia,1/1
Russia St Petersburg,1/1
Rwanda,1/1
Rwanda Mobile,1/1
Rwanda Mobile Airtel,1/1
Rwanda Mobile MTN,1/1
Saipan,1/1
San Marino,1/1
Sao Tome and Principe,60/60
Sao Tome and Principe Mobile,60/60
Saudi Arabia,1/1
Saudi Arabia Dharan,1/1
Saudi Arabia Jeddah,1/1
Saudi Arabia Mobile,1/1
Saudi Arabia Mobile Mobily,1/1
Saudi Arabia Mobile STC,1/1
Saudi Arabia Mobile Zain,1/1
Saudi Arabia Riyadh,1/1
Senegal,1/1
Senegal Mobile CSU,1/1
Senegal Mobile Expresso,1/1
Senegal Mobile Orange,1/1
Senegal Mobile Tigo,1/1
Serbia,1/1
Serbia Belgrade,1/1
Serbia IPKO,1/1
Serbia Kosovo,1/1
Serbia Mobile,1/1
Serbia Mobile MTS,1/1
Serbia Mobile Telenor,1/1
Serbia Mobile VIP,1/1
Serbia Orion,1/1
Seychelles,1/1
Seychelles Special Services,1/1
Sierra Leone,1/1
Sierra Leone Mobile,1/1
Singapore,60/1
Singapore Mobile,60/1
Slovakia,1/1
Slovakia Mobile,1/1
Slovakia Mobile Orange,1/1
Slovakia Mobile TMobile,1/1
Slovakia Mobile Telefonica O2,1/1
Slovenia,1/1
Slovenia Alternative Networks A,1/1
Slovenia Alternative Networks B,1/1
Slovenia Mobile,1/1
Slovenia Mobile Mobiltel,1/1
Slovenia Mobile Simobil,1/1
Slovenia Special Services,1/1
Solomon Islands,60/60
Somalia,1/1
Somalia Mobile,1/1
South Africa,1/1
South Africa Mobile,1/1
South Africa Mobile CellC,1/1
South Africa Mobile MTN,1/1
South Africa Mobile Telkom,1/1
South Africa Mobile Vodacom,1/1
South Africa VANS,1/1
South Korea,60/1
South Korea Mobile,60/1
South Korea Mobile KT,60/1
South Korea Mobile LG,60/1
South Korea Mobile SKT,60/1
South Sudan,1/1
South Sudan Mobile,1/1
South Sudan Mobile MTN,1/1
South Sudan Mobile Zain,1/1
South Sudan Special Services,1/1
Spain,1/1
Spain Mobile,1/1
Spain Mobile Orange,1/1
Spain Mobile Telefonica,1/1
Spain Mobile Vodafone,1/1
Spain Mobile Xfera,1/1
Spain Special Services,1/1
Sri Lanka,60/60
Sri Lanka Fixed Dialog,60/60
Sri Lanka Lankabell,60/60
Sri Lanka Mobile Airtel,60/60
Sri Lanka Mobile Dialog,60/60
Sri Lanka Mobile Etisalat,60/60
Sri Lanka Mobile Hutch,60/60
Sri Lanka Mobile Mobitel,60/60
Sri Lanka SLT,60/60
St Helena,60/60
St Kitts and Nevis,1/1
St Kitts and Nevis Mobile,1/1
St Kitts and Nevis Mobile Digicel,1/1
St Lucia,1/1
St Lucia Mobile,1/1
St Lucia Mobile Digicel,1/1
St Maarten,1/1
St Pierre and Miquelon,1/1
St Pierre and Miquelon Mobile,1/1
St Vincent and Grenadines,1/1
St Vincent and Grenadines M Digicel,1/1
St Vincent and Grenadines Mobile,1/1
Sudan,60/60
Sudan Mobile MTN,1/1
Sudan Mobile Sudani,60/60
Sudan Mobile Zain,60/1
Suriname,60/60
Suriname Mobile,60/60
Suriname Mobile Digicel,60/60
Swaziland,1/1
Swaziland Mobile,1/1
Sweden,1/1
Sweden Mobile,1/1
Sweden Mobile H3G,1/1
Sweden Mobile Tele2,1/1
Sweden Mobile Telenor,1/1
Sweden Mobile Telia,1/1
Sweden Paging,1/1
Switzerland,1/1
Switzerland Mobile,1/1
Switzerland Mobile Inphone,1/1
Switzerland Mobile Lycatel,1/1
Switzerland Mobile Orange,1/1
Switzerland Mobile Sunrise,1/1
Switzerland Mobile Swisscom,1/1
Syria,1/1
Syria Mobile,1/1
Syria Mobile MTN,1/1
Taiwan,1/1
Taiwan Mobile,1/1
Taiwan Mobile CHT,1/1
Taiwan Mobile FET,1/1
Taiwan Mobile TFN,1/1
Tajikistan,1/1
Tajikistan Mobile,1/1
Tajikistan Mobile Babilon,1/1
Tajikistan Mobile TT-Mobile,1/1
Tajikistan Mobile Tacom,1/1
Tajikistan Mobile Tcell,1/1
Tajikistan Special Services,1/1
Tanzania,1/1
Tanzania Mobile,1/1
Tanzania Mobile Celtel,1/1
Tanzania Mobile Mobitel,1/1
Tanzania Mobile Vodacom,1/1
Tanzania Mobile Zantel,1/1
Thailand,60/1
Thailand Bangkok,60/1
Thailand Mobile,60/1
Thailand Mobile AIN,60/1
Thailand Mobile Dtac,60/1
Thailand Mobile True,60/1
Thuraya Satellite,60/60
Togo,1/1
Togo Mobile,1/1
Togo Mobile Moov,1/1
Tokelau,60/60
Tonga,60/60
Trinidad & Tobago,1/1
Trinidad & Tobago Mobile,1/1
Trinidad & Tobago Mobile Digicel,1/1
Tunisia,1/1
Tunisia Mobile,1/1
Tunisia Mobile Ooredoo,1/1
Tunisia Mobile Orange,1/1
Turkey,1/1
Turkey Mobile,1/1
Turkey Mobile Aycell,1/1
Turkey Mobile Turkcell,1/1
Turkey Mobile Turkcell Northern Cyprus,1/1
Turkey Mobile Vodafone,1/1
Turkey Mobile Vodafone Northern Cyprus,1/1
Turkey Northern Cyprus,1/1
Turkmenistan,1/1
Turkmenistan Mobile,1/1
Turks & Caicos Islands,1/1
Turks & Caicos Islands Mobile,1/1
Turks & Caicos Islands Mobile Digicel,1/1
Tuvalu,60/60
UAE,1/1
UAE DU,1/1
UAE Mobile,1/1
UAE Mobile DU,1/1
UK,1/1
UK Corporate Numbers,1/1
UK Freephone,1/1
UK Local Call,1/1
UK Mobile,1/1
UK Mobile H3G,1/1
UK Mobile Lycamobile,1/1
UK Mobile O2,1/1
UK Mobile Orange,1/1
UK Mobile TMobile,1/1
UK Mobile Vodafone,1/1
UK National Call,1/1
UK National Call Plus,1/1
UK Personal No,1/1
UK VOIP,1/1
UK Wide Call,1/1
US Virgin Islands,1/1
USA,1/1
USA Alaska,1/1
USA Hawaii,1/1
USA Toll Free,1/1
Uganda,1/1
Uganda Mobile,1/1
Uganda Mobile Airtel,1/1
Uganda Mobile Gemtel,1/1
Uganda Mobile MTN,1/1
Uganda Mobile Ugatel,1/1
Uganda Special Services,1/1
Ukraine,1/1
Ukraine Kiev,1/1
Ukraine Mobile,1/1
Ukraine Mobile Astelit,1/1
Ukraine Mobile Kyivstar,1/1
Ukraine Mobile UMC,1/1
Ukraine Odessa,1/1
Ukraine Special Services,1/1
Uruguay,60/1
Uruguay Mobile,60/1
Uruguay Mobile Antel,60/1
Uruguay Mobile Claro,60/1
Uruguay Mobile Movistar,60/1
Uruguay Montevideo,60/1
Uzbekistan,1/1
Uzbekistan Mobile,1/1
Uzbekistan Mobile Beeline,1/1
Uzbekistan Mobile Coscom,1/1
Uzbekistan Mobile UMS,1/1
Uzbekistan Tashkent,1/1
Vanuatu,60/60
Venezuela,60/1
Venezuela Caracas,60/1
Venezuela Mobile,60/1
Venezuela Mobile Digitel,60/1
Venezuela Mobile Movilnet,60/1
Venezuela Mobile Movistar,60/1
Vietnam,60/1
Vietnam Mobile Gtel,60/1
Vietnam Mobile Hanoi Telecom,60/1
Vietnam Mobile Mobifone,60/1
Vietnam Mobile Viettel,60/1
Vietnam Mobile Vinaphone,60/1
Vietnam VNPT Domestic Premium Service,60/1
Vietnam VSAT,60/1
Wallis Futuna,1/1
Western Samoa,60/60
Western Samoa Mobile,60/60
Yemen,1/1
Yemen Mobile,1/1
Yemen Mobile MTN,1/1
Yemen Mobile Sabafon,1/1
Zambia,1/1
Zambia Mobile,1/1
Zambia Mobile Airtel,1/1
Zambia Mobile MTN,1/1
Zambia Mobile Zedmobile,1/1
Zimbabwe,1/1
Zimbabwe Mobile Econet,1/1
Zimbabwe Mobile Netone,1/1
Zimbabwe Mobile Telecel,1/1
